member,sample_id,augmentation,mfcc_1,mfcc_2,mfcc_3,mfcc_4,mfcc_5,mfcc_6,mfcc_7,mfcc_8,mfcc_9,mfcc_10,mfcc_11,mfcc_12,mfcc_13,spectral_rolloff,energy
teta,teta_1,original,-415.47613525390625,65.43680572509766,26.792205810546875,4.642019271850586,-9.983344078063965,0.44020330905914307,-12.324112892150879,-1.705817461013794,-6.823034763336182,-2.7013132572174072,3.2897701263427734,-0.7227246165275574,0.2159477323293686,4229.359567901234,0.004375058691948652
teta,teta_1,pitch_shift,-446.8742370605469,75.5522689819336,20.754568099975586,-10.742960929870605,-10.725943565368652,-6.678958892822266,-10.430596351623535,0.05941428616642952,-6.569458961486816,6.343752384185791,-6.067156791687012,0.569511353969574,-3.974138021469116,4336.6126543209875,0.0018758836667984724
teta,teta_1,time_stretch,-442.7256164550781,66.86550903320312,26.422414779663086,5.112766265869141,-11.900161743164062,0.13373324275016785,-13.741909980773926,-2.002635955810547,-8.054924964904785,-3.671295166015625,2.586353063583374,-2.1003336906433105,-1.3106622695922852,4236.5953947368425,0.0017813810845836997
teta,teta_1,background_noise,-261.85073416750186,21.927901586921863,11.448166445095467,0.5423009212085792,-6.628007184253783,-5.191721511188313,-5.65501962687681,-4.1706515103007575,-4.69699585320727,-2.5659026343356315,0.220605117722267,-1.2078036862397845,-0.5003759595231002,6017.746913580247,0.004399953693744338
teta,teta_2,original,-371.7320861816406,92.96904754638672,21.40819549560547,-3.261209487915039,-10.708786010742188,-2.853471040725708,-8.779131889343262,2.4506475925445557,-8.469779968261719,-3.158759117126465,-4.447461128234863,-0.7449468374252319,-5.318574905395508,3751.7260174418607,0.002890719333663583
teta,teta_2,pitch_shift,-390.6832275390625,91.5909423828125,7.900430202484131,-17.28925323486328,-7.562695026397705,-5.644157409667969,-4.507256984710693,-5.482534408569336,-8.893433570861816,0.6084349751472473,-5.909831523895264,-0.7053000330924988,-3.8593015670776367,4002.2710755813955,0.0013417991576716304
teta,teta_2,time_stretch,-396.678466796875,90.59232330322266,24.102556228637695,-6.429171085357666,-11.361802101135254,-3.4503982067108154,-10.415343284606934,2.859872817993164,-10.258943557739258,-2.7431933879852295,-5.61806583404541,-1.0633200407028198,-7.092304706573486,3931.8321078431372,0.001278317766264081
teta,teta_2,background_noise,-241.51454266222072,35.93455329428685,12.61645319691242,-4.609040269960991,-5.960160226716254,-4.715232734487845,-6.203751803997016,-2.5736375230093316,-6.095389272106585,-2.411773611707727,-3.557867141529572,-1.8231117245320398,-2.6282391883452014,5545.875726744186,0.002911113461907912
sonia,sonia_1,original,-191.07518005371094,96.98213958740234,19.43739891052246,9.000682830810547,-6.7436347007751465,-4.192458629608154,-10.194644927978516,-5.379766464233398,-11.840193748474121,-3.2540488243103027,-2.5649783611297607,-3.6758813858032227,-2.094668388366699,3861.56952247191,0.011699220165610313
sonia,sonia_1,pitch_shift,-216.96624755859375,97.1618881225586,8.886940002441406,-0.3373259902000427,-13.295641899108887,-7.037436008453369,-11.980401992797852,-5.239696502685547,-6.666142463684082,2.641695261001587,-8.639169692993164,0.9682937860488892,-6.987370014190674,3894.311797752809,0.005256491247564554
sonia,sonia_1,time_stretch,-224.5477294921875,96.06937408447266,20.209177017211914,9.223947525024414,-6.750874996185303,-4.24029016494751,-9.764432907104492,-5.980325698852539,-11.573801040649414,-2.7590956687927246,-1.7649729251861572,-3.7923760414123535,-2.2960433959960938,3836.6071428571427,0.0067909215576946735
sonia,sonia_1,background_noise,-165.0737660589214,75.40732869927707,23.328002971102705,6.908228501626258,-3.963294846070405,-5.57590108477679,-9.162306453595441,-7.377863174260771,-8.891966633040195,-4.902696598551579,-2.303637549989434,-3.803488107820726,-1.054130536173902,4966.818820224719,0.011724474855108684
sonia,sonia_2,original,-195.81307983398438,98.12776947021484,3.0462899208068848,-0.7560274004936218,-2.249385356903076,2.9253334999084473,-5.1871657371521,-4.325430393218994,-0.9080359935760498,1.085573673248291,-0.14154058694839478,-0.8439021706581116,-5.523897647857666,3704.5833333333335,0.009026970714330673
sonia,sonia_2,pitch_shift,-219.3690948486328,94.91839599609375,-9.162553787231445,-1.7375280857086182,-2.341823101043701,2.6962032318115234,-9.055136680603027,4.7660040855407715,-2.6389501094818115,0.7166276574134827,-6.6877875328063965,-2.890385627746582,-4.1317596435546875,3540.0,0.004234201740473509
sonia,sonia_2,time_stretch,-225.45956420898438,96.91474914550781,4.386486530303955,-2.3109285831451416,-2.700019598007202,3.3676812648773193,-5.318427562713623,-5.320928573608398,-0.7008665204048157,1.4156019687652588,0.3748774826526642,-0.37052831053733826,-5.609342575073242,3707.830255681818,0.003943363670259714
sonia,sonia_2,background_noise,-169.69664041514815,74.43443359290413,10.769820729570945,-2.910933526607967,-0.8666642679650778,1.3367794930963361,-3.9499594082103497,-4.488979808588826,-0.6867515608501165,0.6039563085977923,0.7087289526650291,-2.2344098131833845,-4.118272783960035,4799.166666666667,0.009050775994182865
morsal,morsal_1,original,-359.7481689453125,93.95146179199219,-7.981987476348877,40.193389892578125,-9.691887855529785,12.08984661102295,-19.109085083007812,-7.213513374328613,-4.0209455490112305,-12.516644477844238,-0.7133894562721252,-6.252778053283691,-4.967352390289307,3298.9241803278687,0.0020354106090962887
morsal,morsal_1,pitch_shift,-372.56695556640625,75.66532897949219,2.820251941680908,25.28567886352539,-15.492812156677246,-3.3267617225646973,-25.888105392456055,3.1385610103607178,-18.31605339050293,1.550279140472412,-7.896289825439453,0.8765190243721008,-1.5263829231262207,3899.590163934426,0.0009986512595787644
morsal,morsal_1,time_stretch,-385.102294921875,92.29203033447266,-7.58534574508667,40.95067596435547,-9.970295906066895,10.981441497802734,-19.422521591186523,-7.034178733825684,-3.7244601249694824,-12.23315143585205,-1.4738795757293701,-6.572306156158447,-5.799179553985596,3306.640625,0.00109808926936239
morsal,morsal_1,background_noise,-250.12963852867318,27.667147455112406,9.305125086791403,14.36048728560307,0.9290252349127112,-1.2294112957520305,-7.654407349691241,-5.9649748881246785,-5.065385890674554,-7.296702254434341,-2.672090320759884,-3.8097704082074118,-3.829391449256689,5797.643442622951,0.0020562502738620167
morsal,morsal_2,original,-242.97613525390625,98.51763153076172,-28.924549102783203,52.37428283691406,-18.100439071655273,1.6578648090362549,-39.149375915527344,-5.102339267730713,2.1334891319274902,-15.523292541503906,7.39241361618042,-17.44269371032715,2.5563833713531494,3010.237068965517,0.007848445326089859
morsal,morsal_2,pitch_shift,-250.9967803955078,69.3932113647461,-12.037415504455566,33.39228057861328,-33.5538330078125,-16.534597396850586,-30.918886184692383,19.22110939025879,-28.63273811340332,4.540812969207764,-21.87677001953125,4.663066864013672,-13.530126571655273,3899.3803879310344,0.0033339830115437508
morsal,morsal_2,time_stretch,-266.2091979980469,93.3423843383789,-30.604862213134766,50.84001159667969,-18.64127540588379,-0.16504605114459991,-42.59012985229492,-5.960066318511963,2.5013904571533203,-16.358722686767578,6.117557525634766,-18.05107307434082,1.7829638719558716,3199.7931985294117,0.002910617971792817
morsal,morsal_2,background_noise,-186.69621473927722,47.74471017559022,0.5444138516837603,25.56150724354992,-1.787659868777173,-8.340743840636785,-27.52576833914155,-8.043996235826883,0.015193592266758255,-9.141692721173596,-0.23660781276308487,-10.645661494370003,-0.562095180036382,4606.8157327586205,0.007873139782595798
ngabo,ngabo_1,original,-346.00970458984375,103.63031768798828,10.02582836151123,8.873115539550781,2.311475992202759,14.074769973754883,-12.698325157165527,-12.686652183532715,2.3498380184173584,-4.639241695404053,6.440707683563232,-1.1361892223358154,-1.1505968570709229,3442.4143145161293,0.00421946682035923
ngabo,ngabo_1,pitch_shift,-356.1669006347656,100.80699920654297,1.9177316427230835,5.3129706382751465,2.4046499729156494,-4.5289130210876465,-25.69426727294922,8.855708122253418,-4.051762580871582,4.669119834899902,-5.370114326477051,-0.31932753324508667,0.2859235107898712,3617.5655241935483,0.0017655991250649095
ngabo,ngabo_1,time_stretch,-367.19146728515625,103.9557876586914,10.143445014953613,8.907942771911621,2.8273065090179443,13.665979385375977,-15.822931289672852,-13.25070858001709,1.4189941883087158,-6.209423542022705,5.526604652404785,-1.4332066774368286,-0.6857842206954956,3431.9349315068494,0.002082245657220483
ngabo,ngabo_1,background_noise,-229.99382184531845,46.984783717071906,16.639381349387715,3.873758063245796,4.705402014867292,6.433865385318709,-7.469228564494471,-8.599435153880115,-2.4208541444551335,-0.8495774753005955,3.899088288164982,-0.6051109410999639,0.1513224363051285,5335.433467741936,0.004244542608392759
ngabo,ngabo_2,original,-268.6826171875,127.43614959716797,-10.607865333557129,-0.7310543656349182,3.154587507247925,9.747364044189453,-16.037384033203125,-11.61331558227539,3.8546340465545654,0.0920395627617836,3.8863301277160645,-1.1506139039993286,-5.229363918304443,2527.2135416666665,0.010004030540585518
ngabo,ngabo_2,pitch_shift,-274.5553894042969,114.26664733886719,-22.687082290649414,-2.4035191535949707,0.2712003290653229,-6.2833356857299805,-21.646961212158203,10.350530624389648,-1.0305875539779663,1.3718113899230957,-9.654921531677246,-8.296581268310547,-9.004343032836914,2842.4479166666665,0.005185054615139961
ngabo,ngabo_2,time_stretch,-287.50341796875,125.79544830322266,-9.296323776245117,-2.9059767723083496,0.21496625244617462,10.043052673339844,-17.536279678344727,-12.032825469970703,1.3861103057861328,-0.34882572293281555,3.4972572326660156,-1.5289206504821777,-6.386894226074219,2457.589285714286,0.005209379363805056
ngabo,ngabo_2,background_noise,-192.13436780104516,72.97129863346449,4.964019375058023,-6.992618283743998,1.206197376457728,5.894734961438481,-8.491947762785541,-7.9963447982588765,-0.3826887830949011,0.9020970348069676,2.7587208264807597,-1.1552930391811873,-3.359213227297537,4342.838541666667,0.010018461945171298
